DisplayName,,SAMAccountName,mail
Symonds, Andrew (Proj Eng),SymondsA,Andrew.Symonds@parmalat.com.au
Stronge, Graeme,StrongeG,Graeme.Stronge@parmalat.com.au
Tiernan, Marlene,TiernanM,Marlene.Tiernan@parmalat.com.au
Craig, David,CraigD,David.Craig@parmalat.com.au
Silvestro, Philip,SilvestroP,Philip.Silvestro@parmalat.com.au
West, Robert,westr,robert.west@parmalat.com.au
West, Robert,westr,robert.west@parmalat.com.au
Young, Scott,youngs,Scott.Young@parmalat.com.au
Ashton, Benjamin,AshtonB,Benjamin.Ashton@parmalat.com.au
Muller, Davin,MullerD,MullerD@pauls.internal
Canning, Garry,CanningG,Garry.Canning@parmalat.com.au
Perera, Iresha,pererai,Iresha.Perera@parmalat.com.au
Haigh, Michael,haighm,michael.haigh@parmalat.com.au
Maryeski, Mia,MaryeskiM,Mia.Maryeski@parmalat.com.au
Bawden, Jason,BawdenJ,Jason.Bawden@parmalat.com.au
Zhou, Sarah,ZhouS,sarah.zhou@parmalat.com.au
Young, Karen,YoungK,Karen.Young@parmalat.com.au
Gallagher, Michael,GallagherM,Michael.Gallagher@parmalat.com.au
Brown, Leigh,BrownL,Leigh.Brown@parmalat.com.au
McGinty,Troy,McGintyT,Troy.McGinty@parmalat.com.au
Hill, Timothy,HillT,Timothy.Hill@parmalat.com.au
Hollands, Matthew,hollandsm,Matthew.Hollands@parmalat.com.au
Gangemi, Barry,GangemiB,Barry.Gangemi@parmalat.com.au
Gangemi, Barry,GangemiB,Barry.Gangemi@parmalat.com.au
Whitehouse, Patrice,WhitehouseP,Patrice.Whitehouse@parmalat.com.au
Seipelt, Christopher,seipeltc,Christopher.Seipelt@parmalat.com.au
Todd, Karen,ToddK,Karen.Todd@Parmalat.com.au
Hegarty, Peter,HegartyP,Peter.Hegarty@parmalat.com.au
Weber, Susan,WeberS,Susan.Weber@Parmalat.com.au
Lacis-Lee, Jasmine,LacisLeeJ,jasmine.lacislee@parmalat.com.au
Kirkpatrick, Aaron,KirkpatrickA,Aaron.Kirkpatrick@parmalat.com.au
Sandona, Janita,SandonaJ,Janita.Sandona@parmalat.com.au
Gorst, Maryanne,GorstM,Maryanne.Gorst@parmalat.com.au
Nguyen, Anh,NguyenA,Anh.Nguyen@Parmalat.com.au
Dalziel, Clint,DalzielC,Clint.Dalziel@parmalat.com.au
Bhan, Swashna,bhans,swashna.bhan@parmalat.com.au
Reilly, Dominic,ReillyD,Dominic.Reilly@parmalat.com.au
Hahn, Jacob,hahnj,jacob.hahn@parmalat.com.au
Mico, Todd,MicoT,todd.mico@parmalat.com.au
Holliman, Melanie,hollimanm,melanie.holliman@parmalat.com.au
Train, Robert,trainr,robert.train@parmalat.com.au
Solman, Matthew,solmanm,matthew.solman@parmalat.com.au
O'Loghlen, Kent,OLoghlenK,kent.ologhlen@parmalat.com.au
Hays, Melissa,HaysM,Melissa.Hays@parmalat.com.au
Wright, Patrick,wrightp,Patrick.Wright@parmalat.com.au
Welikala, Nirasha,welikalan,Nirasha.Welikala@parmalat.com.au
Rowe, Juvena,rowej,juvena.rowe@parmalat.com.au
Newton, Timothy,NewtonT,Timothy.Newton@parmalat.com.au
Newton, Timothy,NewtonT,Timothy.Newton@parmalat.com.au
Gaudion, Peter,GaudionP,Peter.Gaudion@parmalat.com.au
Williams, Kim,WilliamsK,Kim.Williams@parmalat.com.au
Meikle, Phil,MeikleP,Phil.Meikle@parmalat.com.au
Wickham, Anthony,WickhamA,Tony.Wickham@parmalat.com.au
De Faye, Philip,DeFayeP,Philip.DeFaye@parmalat.com.au
Gullery, Troy,GulleryT,Troy.Gullery@parmalat.com.au
Leighton, Gary,LeightonG,Gary.Leighton@parmalat.com.au
Hall, Keith,hallk,keith.hall@parmalat.com.au
Hunter, Barbara,HunterB,Barbara.Hunter@parmalat.com.au
Harvey, Neil,HarveyN,Neil.Harvey@parmalat.com.au
Waters, Peter,WatersP,Peter.Waters@parmalat.com.au
Winchcomb, Alison,WinchcombA,Alison.Winchcomb@parmalat.com.au
Stewart, Greg,StewartG,Greg.Stewart@Parmalat.com.au
Benson, Darren,BensonD,Darren.Benson@parmalat.com.au
Ryan, Steven,RyanS,Steven.Ryan@parmalat.com.au
Lummis, Martin,lummism,Martin.Lummis@parmalat.com.au
Billett, Kirsty,billettk,kirsty.billett@parmalat.com.au
Evans, Prudence,EvansP,Prudence.Evans@parmalat.com.au
Dillon, Marnie,DillonM,marnie.dillon@parmalat.com.au
Slobodian, Timothy,SlobodianT,timothy.slobodian@parmalat.com.au
Schmidt, Barbara,SchmidtB,barbara.schmidt@parmalat.com.au
Dole, Brent,DoleB,Brent.Dole@parmalat.com.au
Bilkey, John,BilkeyJ,John.Bilkey@parmalat.com.au
Corrigan, Joseph,CorriganJ,Joseph.Corrigan@parmalat.com.au
Otoole, Christopher,OtooleC,Christopher.Otoole@parmalat.com.au
Bricknell, Jason,BricknellJ,Jason.Bricknell@parmalat.com.au
Mallia, Steven,mallias,steven.mallia@parmalat.com.au
Ladson, Max,LadsonM,Max.Ladson@parmalat.com.au
Buckley, Harold,BuckleyH,Harold.Buckley@parmalat.com.au
Brinkhoff, Scott,BrinkhoffS,Scott.Brinkhoff@parmalat.com.au
Tommasi, Michel,TommasiM,Michel.Tommasi@parmalat.com.au
Eagle, Mel,EagleM,Mel.Eagle@parmalat.com.au
O'Connor, Jason,OconnorJ,Jason.OConnor@Parmalat.com.au
Thun, Bradley,ThunB,Bradley.Thun@parmalat.com.au
Melki, Sam,MelkiS,sam.melki@parmalat.com.au
Birgan, Andy,BirganA,Andy.Birgan@parmalat.com.au
Ilott, Mandy,IlottM,Mandy.Ilott@parmalat.com.au
Hanley, Robert,HanleyR,Robert.Hanley@Parmalat.com.au
Morley, Grant,MorleyG,Grant.Morley@parmalat.com.au
Morley, Grant,MorleyG,Grant.Morley@parmalat.com.au
Chopping, Carl,ChoppingC,Carl.Chopping@parmalat.com.au
McKay, Phil,McKayP,Phil.McKay@parmalat.com.au
McNamara, Merle,McNamaraM,Merle.McNamara@Parmalat.com.au
Makawe, Debs,MakaweD,Debs.Makawe@parmalat.com.au
Garlick, Tricia,garlickt,Tricia.Garlick@parmalat.com.au
Johnston, Lionel,JohnstonL,Lionel.Johnston@parmalat.com.au
Reilly, Vicki,ReillyV,Vicki.Reilly@parmalat.com.au
Stewart, Michael,StewartM,Michael.Stewart@parmalat.com.au
Hargans, Jamie,HargansJ,Jamie.Hargans@parmalat.com.au
Hargans, Jamie,HargansJ,Jamie.Hargans@parmalat.com.au
Smith, Michelle,SmithM,Michelle.Smith@parmalat.com.au
Sorrell, Robert,SorrellR,Robert.Sorrell@parmalat.com.au
McGinn, Craig,McginnC,Craig.McGinn@parmalat.com.au
Edwards, Michelle,EdwardsM,Michelle.Edwards@parmalat.com.au
Hanel-Rowbottom, Kristal,Hanel-RowbottomK,Kristal.Hanel-Rowbottom@parmalat.com.au
Mahony, Carina,MahonyC,Carina.Mahony@parmalat.com.au
Rogerson, Mark,RogersonM,Mark.Rogerson@parmalat.com.au
Cook, Kerryn,CookK,Kerryn.Cook@parmalat.com.au
Le Quesne, Gary,LeQuesneG,Gary.LeQuesne@parmalat.com.au
Marshall, Tony,marshalla,Tony.Marshall@parmalat.com.au
Le Bon, Alain,lebona,alain.lebon@parmalat.com.au
Rode, Jeff,RodeJ,Jeff.Rode@parmalat.com.au
Sumantra, Made,SumantraM,Made.Sumantra@parmalat.com.au
Howard, Rob,HowardR,Rob.Howard@parmalat.com.au
Palavestra, Dragan,PalavestraD,Dragan.Palavestra@parmalat.com.au
Wederell, Brenden,wederellB,Brenden.Wederell@parmalat.com.au
Vitale, Santo,VitaleS,Santo.Vitale@Parmalat.com.au
Lar, Mirenda,LarM,mirenda.lar@parmalat.com.au
Choi, John,ChoiJ,john.choi@parmalat.com.au
Tonso, Joe,TonsoJ,Joe.Tonso@parmalat.com.au
Davidson, Rohan,davidsonr,Rohan.Davidson@parmalat.com.au
Hulme, Annabel,hulmea,annabel.hulme@parmalat.com.au
Archibald, Clinton,ArchibaldC,Clinton.Archibald@parmalat.com.au
Winch, Colin,WinchC,Colin.Winch@Parmalat.com.au
Johnston, Christine,johnstonc,christine.johnston@parmalat.com.au
Kerridge, Phil,KerridgeP,Phil.Kerridge@parmalat.com.au
Kolakowski, Jan,KolakowskiJ,Jan.Kolakowski@parmalat.com.au
Moore, Kenley,MooreK,Kenley.Moore@parmalat.com.au
Zografou, Emmanual,ZografouE,Emmanual.Zografou@parmalat.com.au
Mackrell, Richard,MackrellR,Richard.Mackrell@parmalat.com.au
Hambrook, Peter,hambrookp,Peter.Hambrook@parmalat.com.au
Kitto, Missy,KittoM,Missy.Kitto@parmalat.com.au
Podar, Anshu,PodarA,Anshu.Podar@parmalat.com.au
Edwards, Phil,EdwardsP,Phil.Edwards@parmalat.com.au
Bulow, Greg,bulowg,Greg.Bulow@parmalat.com.au
Darling, Bernie,DarlingB,Bernie.Darling@parmalat.com.au
Ferguson, Peter,FergusonP,Peter.Ferguson@parmalat.com.au
Herewini, Naomi,HerewiniN,Noami.Herewini@parmalat.com.au
Gao, Henry,GaoH,Henry.Gao@parmalat.com.au
Nikas, Barry,NikasB,Barry.Nikas@parmalat.com.au
Wallace, Carol,WallaceC,Carol.Wallace@parmalat.com.au
Bamford, Barry,BamfordB,Barry.Bamford@parmalat.com.au
Ward, Geoff,WardG,Geoff.Ward@parmalat.com.au
Collins, Phil,CollinsP,Phil.Collins@parmalat.com.au
Fleming, Patrick,FlemingP,Patrick.Fleming@parmalat.com.au
Fleming, Patrick,FlemingP,Patrick.Fleming@parmalat.com.au
Archer, Anthony,ArcherA,Anthony.Archer@parmalat.com.au
King, Alan,KingA,Alan.King@parmalat.com.au
Gibb, Kevin,GibbK,Kevin.Gibb@parmalat.com.au
Jensen, Warren,JensenW,Warren.Jensen@parmalat.com.au
Glimberg, Viktor,GlimbergV,Viktor.Glimberg@parmalat.com.au
Amundsen, Karen,AmundsenK,Karen.Amundsen@parmalat.com.au
Hay, Candice,hayc,candice.hay@parmalat.com.au
Roy, Gordon,RoyG,Gordon.Roy@parmalat.com.au
Hansen, Thomas,hansent,thomas.hansen@parmalat.com.au
Hausmann, Lynette,HausmannL,Lynette.Hausmann@parmalat.com.au
Mawdsley, Phillip,MawdsleyP,Phillip.Mawdsley@parmalat.com.au
Zadow, Catherine,ZadowC,Catherine.Zadow@Parmalat.com.au
Austin, Jenny,AustinJ,Jenny.Austin@parmalat.com.au
Burnell, Dale,BurnellD,Dale.Burnell@Parmalat.com.au
Chilcutt, Joshua,chilcuttj,Joshua.Chilcutt@parmalat.com.au
Smith, Kaye,SmithK1,Kaye.Smith@parmalat.com.au
Royle, David,RoyleD,David.Royle@Parmalat.com.au
Royle, David,RoyleD,David.Royle@Parmalat.com.au
Wilson, Colin,WilsonC,Colin.Wilson@parmalat.com.au
Oke, Donna,oked,donna.oke@parmalat.com.au
Elvey, Bill,ElveyB,Bill.Elvey@parmalat.com.au
Heeps, David,HeepsD,David.Heeps@Parmalat.com.au
Neubecker, Michael,NeubeckerM,Michael.Neubecker@Parmalat.com.au
Frieh, Atef,FriehA,atef.frieh@parmalat.com.au
Filipetto, Gina-Marie,FilipettoG,Gina-Marie.Filipetto@parmalat.com.au
Vickers, Gary,VickersG,gary.vickers@parmalat.com.au
Osborn, Rhonda,OsbornR,Rhonda.Osborn@parmalat.com.au
Mutsaers, Fred,MutsaersF,Fred.Mutsaers@parmalat.com.au
Legge, Peter,LeggeP,peter.legge@parmalat.com.au
Upton, Renaye,UptonR,Renaye.Upton@parmalat.com.au
Griffin, Neville,GriffinN,Neville.Griffin@parmalat.com.au
Ritchens, Leon,RitchensL,Leon.Ritchens@parmalat.com.au
Roddy, Jim,roddyj,Jim.Roddy@parmalat.com.au
Hull, Laura,Hulll,Laura.Hull@parmalat.com.au
Barker, Peter,barkerp,Peter.Barker@parmalat.com.au
Martin, Michael,MartinM,Michael.Martin@parmalat.com.au
Lebusque, Rosemary,LebusqueR,Rosemary.Lebusque@parmalat.com.au
Lingman, Wylie,LingmanW,Wylie.Lingman@parmalat.com.au
Salmon, Greg,SalmonG,Greg.Salmon@parmalat.com.au
Muir, Annette,muira,annette.muir@parmalat.com.au
Heath, Nicole,HeathN,Nicole.Heath@parmalat.com.au
Watson, Jenny,watsonj,jenny.watson@parmalat.com.au
Weaffer, Thomas,weaffert,Thomas.Weaffer@parmalat.com.au
James, Vilisi,JamesV,vilisi.james@parmalat.com.au
Osborne, Roger,OsborneR,Roger.Osborne@parmalat.com.au
Watt, John,wattj,John.Watt@parmalat.com.au
Nash, Margaret,NashM,Margaret.Nash@parmalat.com.au
Goddard, Ian,GoddardI,Ian.Goddard@parmalat.com.au
McKnight, Louise,McKnightL,Louise.McKnight@parmalat.com.au
Stephanou, Peter,StephanouP,Peter.Stephanou@parmalat.com.au
Thomas, Beverley,ThomasB,Beverley.Thomas@parmalat.com.au
