DisplayName,,SAMAccountName,mail
Gee, Dianne,GeeD,Dianne.Gee@parmalat.com.au
Higginbotham ,Charity,higginbothamc,charity.higginbotham@parmalat.com.au
Hutchison, Dallys,Hutchisond,dallys.hutchison@parmalat.com.au
Leeder, Colleen,LeederC,Colleen.Leeder@parmalat.com.au
Masetti, Antonella,MasettiA,Antonella.Masetti@parmalat.com.au
Robertson, Kate,RobertsonK,Kate.Robertson@parmalat.com.au
Santoro, Connie,SantoroC,Connie.Santoro@parmalat.com.au
Young, Joan,Young1J,Joan.Young@parmalat.com.au
