DisplayName,,SAMAccountName,mail
Mee, Damien,MeeD,Damien.Mee@parmalat.com.au
Narkhede, Suvi,narkhedes,suvi.narkhede@parmalat.com.au
Browell, Gary,BrowellG,Gary.Browell@parmalat.com.au
Read, Marlene,ReadM,Marlene.Read@parmalat.com.au
Smith, Warren,SmithW,warren.smith@parmalat.com.au
Brayne, Stuart,braynes,braynes@parmalat.com.au
Schafer, Chris,schaferc,chris.schafer@parmalat.com.au
Choi, Susanna,ChoiS,Susanna.Choi@parmalat.com.au
Culotta, Simon,CulottaS,Simon.Culotta@parmalat.com.au
Russell, Peter,RussellP,Peter.Russell@parmalat.com.au
Moon, Peter,MoonP,Peter.Moon@parmalat.com.au
Dawson, Simon,DawsonS,Simon.Dawson@parmalat.com.au
Munro, Lee,munrol,Lee.Munro@parmalat.com.au
Katugampola, Easha,katugampolae,easha.katugampola@parmalat.com.au
De Jesus, Liza,DeJesusL,Liza.DeJesus@parmalat.com.au
De Jesus, Liza,DeJesusL,Liza.DeJesus@parmalat.com.au
Arnull, Vicky,ArnullV,Vicky.Arnull@parmalat.com.au
Ogilvie, Janine,OgilvieJ,Janine.Ogilvie@parmalat.com.au
Lin, Peggy,LinP,Peggy.Lin@parmalat.com.au
Kent, Tamika,KentT,Tamika.Kent@parmalat.com.au
Owens, Mary,OwensM,Mary.Owens@parmalat.com.au
Dowling, Jodie,DowlingJ,Jodie.Dowling@parmalat.com.au
Wilde, Dee,WildeD,Dee.Wilde@parmalat.com.au
Howell, Deborah,HowellD,Deborah.Howell@parmalat.com.au
Gruppetta, Vicky,GruppettaV,Vicky.Gruppetta@parmalat.com.au
Anderson, Rosina,AndersonR,rosina.anderson@parmalat.com.au
Reynolds, Pam,REYNOLDSP,PAM.REYNOLDS@Parmalat.com.au
Neilson, Leroy,NeilsonL,Leroy.Neilson@parmalat.com.au
McKirdy, Carly,mckirdyc,Carly.Mckirdy@parmalat.com.au
Sau, Sia,SauS,Sia.Sau@parmalat.com.au
Harcombe, Kelly,harcombek,Kelly.Harcombe@parmalat.com.au
Hickey, Suzanne,hickeys,suzanne.hickey@parmalat.com.au
Sawyer, Tui,sawyert,Tui.Sawyer@Parmalat.com.au
Oroz, Tina,OrozT,Tina.Oroz@parmalat.com.au
Lee, Sharyn,LeeS,Sharyn.Lee@parmalat.com.au
Dash, Bianca,DashB,Bianca.Dash@parmalat.com.au
Gipp, Sophia,gipps,sophia.gipp@parmalat.com.au
King, Michelle,KingM,Michelle.King@parmalat.com.au
Gasu, Teera,GasuT,teera.Gasu@parmalat.com.au
Ryan, Lyn,RyanL,Lyn.Ryan@parmalat.com.au
Hobb, Michelle,hobbm,Michelle.Hobb@parmalat.com.au
Ford, Jane,fordj,jane.ford@parmalat.com.au
Peters, Gregory,petersg,Gregory.Peters@parmalat.com.au
Cadman, Ronald,CadmanR,Ronald.Cadman@parmalat.com.au
Holt, Minnie,HoltM,Minnie.Holt@parmalat.com.au
Cotter, Kim,cotterk,kim.cotter@parmalat.com.au
Ribeiro, Amanda,ribeiroa,amanda.ribeiro@parmalat.com.au
Vlahos, Chris,VlahosC,Chris.Vlahos@parmalat.com.au
Leong, Steven,leongs,Steven.Leong@parmalat.com.au
Lucas, Michael,lucasm,Michael.Lucas@Parmalat.com.au
Koczy, Matthew,KoczyM,Matthew.Koczy@parmalat.com.au
Christensen, Petrina,christensenp,petrina.christensen@parmalat.com.au
